Author	Title	origin author name	original title
Андрей Курпатов	Машина мышления. Том 1		
Андрей Курпатов	Машина мышления. Том 2		
Михаил Лабковский	Хочу и буду. 6 правил счастливой жизни или метод Лабковского в действии		
Иммануил Кант	Критика чистого разума. Критика практического разума. Критика спрособности суждения.		
Jeanne Boyarsky, Scott Selikoff	OCP Oracle Certified Professional Java SE 11 Developer Complete Study Guide		
Эндрю Петтигри	Изобретение новостей. Как мир узнал о самом себе		
Галина Зеленина	Изгои средневековья. "Черные мифы" и реальность.		
Сергей Зотов, Дильшат Харман	Средневековая магия. Визуальная история ведьм и колдунов.		
Л. В. Кованцова, А. Н. Кованцов	Занимательная история математики		
Льюис Керролл	Алиса в Стране Чудес. Алиса в Зазеркалье.	Lewis Carroll	Alice's Adventures in Wonderland. Through The Looking Glass
И. Ильф, Е. Петров	Рассказы, фельетоны, статьи.		
Мартин Гарднер	Математические головоломки и развлечения		Mathematical puzzles and Diversions.
Г. П. Гаврилов, А. А. Сапоженко	Сборник задач по дискретной математике		
Я. И. Перельман	Занимательная физика. Книга 1		
Я. И. Перельман	Занимательная физика. Книга 2		
Я. И. Перельман	Занимательная алгебра		
Я. И. Перельман	Живая математика		
В. Кравцев	Приключения великих уравнений		
Льюис Керролл	История с узелками		
по материалам Л. Успенского, А. Студенцова, Я. Перельмана и др.	Фокусы, загадки, головоломки		
Кэрол Дайхаус	Мужчина мечты	Carol Dyhouse	Heartthrobs. A History of womem and desire.
Станислав Лем	Фиаско	Stanisław Lem	Fiasko
Станислав Лем	Сумма технологий	Stanisław Lem	Summa technologiae
Аркадий и Борис Стругацкие	Улитка на склоне		
Аркадий и Борис Стругацкие	Путь на Амалтею. Стажёры.		
Аркадий и Борис Стругацкие	Отягощённые злом, или сорок лет спустя.		
Аркадий и Борис Стругацкие	Град обречённый.		
Аркадий и Борис Стругацкие	Обитаемый остров.		
Аркадий и Борис Стругацкие	Пикник на обочине.		
Аркадий и Борис Стругацкие	Второе нашествие марсиан. Беспокойство.		
Аркадий и Борис Стругацкие	Жук в муравейнике.		
Аркадий и Борис Стругацкие	Отель "У погибшего альпиниста".		
Аркадий и Борис Стругацкие	Понедельник начинается в субботу		
Аркадий и Борис Стругацкие	Полдень, XXII век		
Аркадий и Борис Стругацкие	Сказка о тройке		
Аркадий и Борис Стругацкие	За миллиард лет до конца света		
Айзек Азимов	Тело человека. Строение и функции	Isaak Asimov	The human body: its structure and Operation
Айзек Азимов	Египет. От древних цивилизаций до соверменности	Isaak Asimov	The Egyptians
Айзек Азимов	Рим. От основания города до падения республики	Isaak Asimov	The Roman Republic
Айзек Азимов	Числа. От арифметики до высшей математики	Isaak Asimov	Realm of Numbers
Айзек Азимов	Англия. От стоунхенджа до великой хартии вольностей	Isaak Asimov	The shaping of England
Айзек Азимов	История США. От глубокой древности до 1918 года	Isaak Asimov	The shaping of North America. The birth of United Stated. Our Federal Union. The Golden Door.
Айзек Азимов	Путеводитель по Библии	Isaak Asimov	Asimov's Guide to The Bible
Айзек Азимов	Путеводитель по Шекспиру. Греческие, римские и итальянские пьесы	Isaak Asimov	Asimov's Guide to Shakespeare. The Greek, Roman and Italian Plays
В. Н. Болховитинов, Б. И. Колтовой, И. К. Лаговский	Твое свободное время		
Edited by Andreas Fingernagel & Christian Gastgeber	The Book of Bibles. The most beautiful illuminated bibles of The Middle Ages		
Frédéric Chaubin	СССР		
Б. Н. Иванов	Дискретная математика. Алгоритмы и программы		
Ральф Каплан	С помощью дизайна. Почему не было замков на дверях ванных комнат в отеле "Людовик XIV" и другие примеры	Ralph Caplan	By Design. Why there are no locks on the bathroom doors in the Hotel Lois XIV and other object lessons
Адриан Форти	Объекты желания. Дизайн и общество с 1750 года	Adrian Forty	Objects of Desire. Design and Society Since 1750
Олег Тищенков	Кот X		
Олег Тищенков	Кот два		
Олег Тищенков	Кот		
Zenta Ērgle	Starp mums, meitenēm, runājot... Bez piecām minūtēm pieauguši. Nosargāt mīlestību.		
Victoria Charles, Klaus H. Carl	1000 Drawings of Genius		
Софья Багдасарова	Омерхительное искусство. Юмор и хоррор в шедеврах живописи		
Алина Никонова	99 глупых вопросов об искусстве. И еще один, которые иногда задают экскурсоводу в художественном музее		
Софья Багдасарова	Воры, вандалы и идиоты. Криминальная история русского искусства		
Софья Багдасарова	Апокалипсис в искусстве. Путешествие к Армагеддону
Алина Никонова	Что хотел сказать художник. Главные картины в искусстве от Босха до Малевича.
Simon Tofield	Simons's cat VS The World		
Isaak Asimov	Issak Asimovs's Guide to Earth and Space		
Айзек Азимов	О времени и пространстве. От египетских календарей до квантовой физики.	Isaak Asimov	Of Time and Space and Other Things
Айзек Азимов	Великие научные идеи. От Пифагора до Дарвина	Isaak Asimov	Great Ideas of Science
Айзек Азимов	Слова на карте. Географические названия и их смысл	Isaak Asimov	Words on the Map
Айзек Азимов	Энергия жизни. От искры до фотосинтеза	Isaak Asimov	Life and Energy
Айзек Азимов	Слова в науке. История происхождения научных терминов	Isaak Asimov	Words of Science
Айзек Азимов	Ассиметрия жизни. От секрета научных прозрений до проблемы перенаселения	Isaak Asimov	The left hend of the electron
Айзек Азимов	Тёмные века. Ранее средневековье в хаосе войн	Isaak Asimov	The Dark Ages
Айзек Азимов	Миры внутри миров. История открытия и покорения атомной энергии	Isaak Asimov	Worlds within Worlds
Айзек Азимов	Римская империя. Величие и падение Вечного города	Isaak Asimov	The Roman Empire
Айзек Азимов	Загадки микрокосмоса. От атома до галактики	Isaak Asimov	Science, Numbers and I
Айзек Азимов	Земля и космос. От реальности к гипотезе	Isaak Asimov	The Stars in their courses
Айзек Азимов	Краткая история химии. От магического кристалла до атомного ядра	Isaak Asimov	A short history of chemistry
Айзек Азимов	Загадки мироздания. Известные и неизвестные факты	Isaak Asimov	Is Anyone there?
Айзек Азимов	Краткая история биологии. От алхимии до генетики	Isaak Asimov	A short history of biology
Энтони де Мелло	Одна минута глупости. Сборник медитативных притч	Anthony de Mello	One Minute Nonsense
Энтони де Мелло	Садхана: путь к Богу.	Anthony de Mello	Sadhana a way to God
Lewis Carroll	Through The Looking Glass		
Lewis Carroll	Alice's Adventures in Wonderland		
	English Fairy Tales		
E. Nesbit	The Enchanted Castle		
Disney. Pixar	Brave.		
Sir Arthur Conan Doyle	The Hound of the Baskervilles		
Thomas Hardy	Far from the Madding Crowd		
Jack London	The Call of the Wild		
Jane Austen	Pride and Prejudice		
Mark Logue, Peter Conradi	The King speech		
Helen Fielding	Bridget Jones's diary		
Robert M. Drake	I wrote this for you, me & anyone trying to f*cking move on		
	Английский разговорник и словарь		
Arthur Conac Doyle	The Adventures of Sherlock Holmes		
Н. Г. Вдовина	История в открытках. Путеводилель по прошлому		
Евгений Вербин	Вернисаж		
A. Celmiņš	Kuldīgas rajons		
Randall Munroe	How to. Absurd scientific advice for Common Real-World Problems		
J. Baumanis, V. Klimpiņš	Putni Latvijā		
Олег Тищенков	А?		
Simon Tofield	Feed Me!		
Simon Tofield	Wake Up!		
Simon Tofield	Play Time!		
Michael Kerrigan	Asian Art		
Simon Tofield	The Bumber Book of Simons's Cat		
Simon Tofield	Simons's Cat in his very own book		
Simon Tofield	Simons's Cat Off the Vet		
Simon Tofield	Simons's Cat in Kitten Chaos. Book 3		
Simon Tofield	Simons's Cat beyond the fence		
Илья Ильф, Евгений Петров	Полное собрание сочинений в одном томе		
Антон Чехов	Полное собрание повестей, рассказов и юморесок в двух томах. Том 1		
Антон Чехов	Полное собрание повестей, рассказов и юморесок в двух томах. Том 2		
Айзек Азимов	Академия	Isaac Asimov	Foundation. Foundation and Empire. Second Foundation.
Теффи	Ведьма. Рассказы		
Михаил Зощенко	Аристократка. Рассказы		
Валентин Пикуль	Миниатюры		
Василий Шукшин	Рассказы		
	Pocket Oxford Russian dictionary		
Андрей Курпатов	Красная таблека 2		
Андрей Курпатов	Быть эгоистом. Универсальные правила		
Андрей Курпатов	Пережить развод. Универсальные правила		
Элвин Белнеп	Дары моря. Кругосветное кулинарное путешествие		Fish and Seafood
Летиция Призм	Японская кухня. Изысканные блюда элегантной кухни		Japanese Meal in Your House
Бен Орлин	Время переменных. Матиматический анализ в безумном мире	Ben Orlin	Change is the only constant. The wisdom of calculus in a madcap world
Сергей Зотов, Михаил Майзульс, Дильшат Харман	Страдающее Средневековье. Парадоксы христианской иконографии		
Андрей Курпатов	Настоящая жизнь. Вам шашечки или ехать? Универсальные правила		
Андрей Курпатов	Убить иллюзии. Универсальные правила		
Андрей Курпатов	Троица. Будь больше самого себя		
Андрей Курпатов	Не надо пофигизма. Универсальные правила		
Tim Vicary	Titanic		
	Albrecht Dürer		
	Titian. Masters of Italian Art		
Claire Bingham	Modern Living. Scandinavian style		
	Hiroshige. One Hundred Famous Views of Edo		
	M.C. Escher. The Graphic Work		
	5000 years of Chinese Art		
Артемий Лебедев	Ководство. Параграфы о дизайне		
Юрий Гордон	Книга про буквы от Аа до Яя		
Raymond Murphy	English Grammar in Use		
Raymond Murphy	Essential Grammar in Use		
	Niklāvs Strunke		
Леонид Парфенов	Намедни 1981 - 1990		
Леонид Парфенов	Намедни 1971 - 1980		
Леонид Парфенов	Намедни 1961 - 1970		
Леонид Парфенов	Намедни 1991 - 2000		
Леонид Парфенов	Намедни 2001 - 2005		
Леонид Парфенов	Намедни 2006 - 2010		
Klaus-Jürgen Sembach	Art Nouveau		
Daniel Wildenstein	Monet. or the Triumph of Imperssionism		
Андрей Курпатов	Наука о сексе. Универсальные правила.		
Андрей Курпатов	Будущее уже рядом. Четвёртая мировая война.		
Андрей Курпатов	Складка времени.		
Рут Мазо Каррас	Секс в Средневековье	Ruth Mazo Karras	
Сергей Зотов	История Алхимии. Путешествие филосовского камня из бронзового века в атомный.		
Энтони Калделлис	Византийская кунсткамера. Неортодоксальные факты из жизни самой православной империи	Anthony Kaldellis	
Агостино Паравичини Бальянти	Тело папы.	Agostino Paravicini Bagliani	
Перевод Андрея Виноградова	Легенды Царьграда		
	Манускрипт Войнича		
Ольга Кузнецова	Похищение чудовищ. Античность на Руси.		
Андрей Курпатов	Психотерапия		
Андрей Курпатов	Психосоматика		